{"cantovaloper19e84kdf5z09u2v4gpv0m7r6dcu0p8llkf30qtv": {"stats": {"total_stake": 4.387670724281231e+24}, "delegators": {"canto1qqqqq90pszcpcs9cs8sswa9u0p9mda8ty674ex": {"amount": 1.1e+19}, "canto1qw7d0nw2n8ekvj533zdsjn88rptqk7tc7l8qh6": {"amount": 2.5e+20}, "canto1qj4wd7cakwckuztcun3upfcn970ufj4axrqrsw": {"amount": 1000000000000000.0}, "canto1qnhwu5f8hvspte3tk4ksm6vr70szgfmem0u2xc": {"amount": 1107686498366.267}, "canto1qewzjh3gu0unh0dsgn6qy0vefjr3d35rgkrzdz": {"amount": 3.5e+20}, "canto1py0wrt8ghdzh5xt7fp4lkjzhn3437shzlnvj6q": {"amount": 3.0226700208293197e+18}, "canto1p2xzacy8vqj3wp044tmmkrnmfyqzn0p8ch5ttp": {"amount": 3.86397984329348e+21}, "canto1pd82hfue9dmqz9dd3v224hrl33ruuarrvmj5qy": {"amount": 2.0151133472195465e+19}, "canto1pnll223xde5gzth5mafsamju8hh5vs5xdqkrhg": {"amount": 2.8e+21}, "canto1pkg4fwr7u3wjh9x5g57l55p42q3zyg5ea0l4mt": {"amount": 2.22e+20}, "canto1p7wvffgd55zyteqkry82zx9wcp9jmz5kvq0qsc": {"amount": 1.0075566736097732e+21}, "canto1zxchshv6eq2gpspjzr5f79ggerq3tzywtp75fd": {"amount": 5.037783368048866e+20}, "canto1z0pctg42ja4kxlf2wqw7cr3y08x6uwahyklarc": {"amount": 2.0151133472195465e+19}, "canto1zj5l38hc04un5eu2x44xlgc7yh233pn0f6psjx": {"amount": 1.0075566736097733e+19}, "canto1zhatrnzjvttfs5a3r9hhf5uv0lykl3khs2pqfa": {"amount": 1e+20}, "canto1zc0mkhefr6rdhx8f7sk9m3c40nzu622lm2x9an": {"amount": 1e+18}, "canto1zceg9ugfhpsk0fcp02wm9jv44yjqmlecc0xtn6": {"amount": 5e+21}, "canto1za489e4y7c6q47attpyxszvy4c0kpq36yp2e0h": {"amount": 1e+19}, "canto1rqaysvcmfmsdyffa0536fvwtcyq8tddw82zxxl": {"amount": 1.0075566736097732e+20}, "canto1yg94crqpx99kvrh8nw4ktywl6frexpvjrfhd7f": {"amount": 2.002e+20}, "canto19zmssu5el48vc2tzmsws00dav76fx87nsrxj8x": {"amount": 1e+20}, "canto199k0cxyhxc4e5upshpjmxnnqujuwjjas2t7l73": {"amount": 6.045340041658639e+19}, "canto19xdudejjzq7s7dqsxt095wugz4xrc70dt0j8k8": {"amount": 1.2468513835920943e+20}, "canto19gecrd5sj5f07jsz3dk2w3lytyhc8px477fek6": {"amount": 1.0075566736097732e+18}, "canto190hv4namltxsf03mndrr6lqf0nvj9a8r70stzt": {"amount": 432690038424323.2}, "canto19n60nuy26fqmgfpxzp7jrwleewu73h5sufts6f": {"amount": 9e+18}, "canto19e84kdf5z09u2v4gpv0m7r6dcu0p8llkt0gy6f": {"amount": 1e+23}, "canto197h9wa7nlq4lhy6me0zfmvacz5cz76y3payuaz": {"amount": 2.7207052897292187e+21}, "canto1xq9fp67kc42ed2wmjg6sam446cwaha008h49ex": {"amount": 1.0075566736097732e+21}, "canto1xzf4e6fnarjyz9jxww4yakug7rvqxzqqxl3qxq": {"amount": 1.0075566736097733e+19}, "canto1xrjs9qee0nzn5c4qhjck679m47hm9efrdt6yc4": {"amount": 5e+20}, "canto1xs8we388kp9qv033m0cyr3fpraa8ldasc39sqa": {"amount": 3e+18}, "canto1x3apk8hcrtxhgaq0dcrn2ae502x4lug8fugsql": {"amount": 7.500001e+23}, "canto1xkrps78uz7khdqdh44gw9qavu7gz0t3zf3xd8a": {"amount": 1e+18}, "canto18xrz2qttegslq883j0lsgww6e3qkr66wskc5sl": {"amount": 2e+21}, "canto18tqjaean64szr3azk47lrfgux440ch7cl5yv23": {"amount": 8.5e+20}, "canto184yzpfs4myyalfkg3q74sukstgevfh64ap2hgf": {"amount": 7e+21}, "canto18k89jyxj3equ6878400rywkr8ytvn7fhgyw0kp": {"amount": 1.2e+18}, "canto18ag9h87m036ayl296w5fj3tall3u4ct7qtfq6p": {"amount": 1.08e+18}, "canto1gp3k9jqfhx7xh3q7pemqx5avecw2gr2l58rc5p": {"amount": 6.2e+20}, "canto1gf3h3urlke0raru2ljyxc4earpdf4m48jnf5qq": {"amount": 3.304793474982745e+20}, "canto1gvnfya5vn97ravmw7m6qsyt8jpgr8ayktt49jg": {"amount": 1e+20}, "canto1g05rc7zsv98r9jrjm8shcfuacx8zsm9gyr5my6": {"amount": 5e+20}, "canto1gs3ldecffvwzx2xwzx46d2c3qca55lpzvm5xc6": {"amount": 2.1309823646846702e+21}, "canto1g5ghweev32gdmmm2wkauecnvl7cgq7yh6ywea2": {"amount": 1.238886e+24}, "canto1ghwxv334vf7qlew8zx07t03v85u750n576steu": {"amount": 2.5734030224963676e+21}, "canto1fpj6jcku2rw4t5dny0s4j4dqcg2xshpc9tzc59": {"amount": 1.45e+21}, "canto1fdkgech3cnctpva8aj3ggwv3kmpddvcn82tf5s": {"amount": 1442300128081.0764}, "canto1fjgfpye8yq6tx5zgxefcsu25jjgj6m5hf0mnxv": {"amount": 1e+20}, "canto1fhaklpqjqpa0ghwst8p0x6nqzyty5379prmgf9": {"amount": 5e+19}, "canto1fc8wr8exu29rnj3497csrpk0czdfwa900lryh0": {"amount": 1e+20}, "canto1f6csgzhfjqv4jg4txeuzvs8wp80qk4reg4qvxe": {"amount": 1e+20}, "canto12yawmt8yfny6qujv5fm23nhwa9gfqdtkvguur6": {"amount": 1.0075566736097733e+19}, "canto128nms4j02rky4kgcwl3eya9a5lnwhzq2sphkuv": {"amount": 5.0377977910501466e+17}, "canto12g89rc6d2htmhgs8dfgs0h7z2d0xx4dkf3l4lj": {"amount": 3e+20}, "canto122wz6arsd2spmu2ehm27qt4l5z9z6d8asragc9": {"amount": 4e+20}, "canto125zlw3p0ewkjfajjvhzz979q2kvns9wyftc9hh": {"amount": 1.5113350104146598e+20}, "canto12737wzyx2xer0nfk84cz2422v028lsslknzza6": {"amount": 2.367758182982967e+21}, "canto1tplt5dvd6a74yerjng6j7sfw2wuurmxprf03q7": {"amount": 6.549118378463525e+19}, "canto1tx9uu4newu9cvnl347wfnrdxuehs3c3rk4293l": {"amount": 8.94e+20}, "canto1tx0ydz46wsmrrx44u35803n6jkzasyswwx5u3p": {"amount": 2.0151133472195464e+20}, "canto1tvvhu0hxwuz33ahjwdf8g530fz4adxryq88u00": {"amount": 5e+18}, "canto1t3rp5rzet44j5jc0ffp064d702hd3tuqcu4zp9": {"amount": 2.5521410542535554e+22}, "canto1tnlr59wq74dcczra2p3jtzjfugrcfh5ww70m42": {"amount": 8.310579343053683e+18}, "canto1tcvsv978e7esc0y8m42eyrs3w2qd878xkshw28": {"amount": 1e+20}, "canto1tmtlwa30dq4fx7ptmfgvlyzcd2nv7dwht783s7": {"amount": 6.11e+20}, "canto1vprlsqmqsvqr6nv9refft3yzj6j4s87penwe4c": {"amount": 5.2e+18}, "canto1vju90uuwlenjmzfc5ypzyj88e62yg5j4t6guly": {"amount": 1.0075566736097731e+17}, "canto1v6kr34s3tg8m355ue3pqs8xpy94lzhpw804tgk": {"amount": 1.001e+21}, "canto1vun63zrkhrwh9njpljvzcxtgxqm40zfcakee9u": {"amount": 1e+18}, "canto1v7keftx7cglsfx3lsl9ww4y9att6qjajagupmt": {"amount": 5.96e+20}, "canto1dd83fyks8pjd9lq3vnv3x8cgv6ehz6a4neux05": {"amount": 2.0151133472195462e+23}, "canto1d7tlgef5d8m6fdx3x6h3tpveuz9flrcfh778wt": {"amount": 5.541561704853752e+19}, "canto1w9nj9jq82lllx8dr70pe9gtndd705w37tadxwp": {"amount": 1e+21}, "canto1w96k7ktyy9yzugh6cazf6te0sn6entvwyv4f72": {"amount": 1.6e+18}, "canto1wvz35eqyfl4xrfssp6ct2hyss7lr9n9rnz473w": {"amount": 1.007556682950205e+23}, "canto1wdtvtjxymhee7h9zpcslkdvawmp80vptdyhnys": {"amount": 1.9647355135390577e+20}, "canto1wsfxd2mxncd6ujwflquk5z4pnyzm0fqfchc7xg": {"amount": 5e+19}, "canto1wckhzwnwqxse84nt3m0dslqq37rjs58shnfx29": {"amount": 1e+20}, "canto102dp5ja7pk5e8ht6axzd33scpfnne0kttn2uz5": {"amount": 1.0075566750520733e+20}, "canto100dqxl0al8xe45np6fl53xfy46auuudv2k8xqt": {"amount": 7.5e+19}, "canto100lwjyvnm80j4s9layqer4q0y0rh8srqsc58f0": {"amount": 2.79e+22}, "canto10cakl9n0xen0w7qnmwzd6dfpwd6f6fxcr95s67": {"amount": 1.2090680083317279e+21}, "canto1065m3wsd3zd6gfzc7et76feyft2e8hl8atchtf": {"amount": 1e+21}, "canto1074qzu4lzvw5rpwxjrwaagkzsy4clll4eh6fgq": {"amount": 4.1e+21}, "canto1sfeg9hhk4scjmcnahhaqzvnzeten79455yagvp": {"amount": 1e+20}, "canto1s02v0hr2pgxx8dctf9jvjv8xg7r8ztl2cjmxd7": {"amount": 9e+17}, "canto1sse0cqe8zyjr6ereh3h74efundfc9sg5g5nytv": {"amount": 1e+20}, "canto1s5u8q682c9lg9zxenzh3ghrxj8n6cmm7pnhwv8": {"amount": 1.5113350104146596e+21}, "canto1s5azzlwt45cpdx8k92te69wudp2cu5atd9ml79": {"amount": 9.05793449575186e+20}, "canto1s4x7g42ddzv7leev5u5mgm7npjkcas806zgm8m": {"amount": 5e+18}, "canto13y2a4xdkn6zdumyhj2xn0rvcsayzcecuhmwl8d": {"amount": 43742625824306.305}, "canto1386t7837z0mfqqvscsux0k7ytk2tq08c587ruf": {"amount": 1e+18}, "canto133vq24hak86hs5lynaqf46dcnam93eazz845jv": {"amount": 2.2e+21}, "canto13kg2wlcz0yg7ljfmwd33w6xr00qwlachguxuat": {"amount": 1e+18}, "canto13mzxwpz65c5jc40xm6x8ffgjldu8wrtalx9vsh": {"amount": 1.0075566736097731e+17}, "canto1jz30fn7c64hamajrhlvf403qtuqfkpfps7p002": {"amount": 8.007556673609773e+20}, "canto1jgjthd8ql0309786k4w7h3q7kg0alwqyqspsqu": {"amount": 5.037783368048866e+20}, "canto1j2de97z3gk4ryedzp3l78dtp7cvn9867racx4v": {"amount": 3.022670020829319e+23}, "canto1jj698v86the5p65umg95kjj9p8qfgp6z97x7uh": {"amount": 1.5e+17}, "canto1jmza075sfhdslf4guwryh7hxqfkpjpm43rg6re": {"amount": 1e+21}, "canto1jmns67pp5enklcrs9ekndrmxfwllzdl2kr6vhh": {"amount": 1.0457674057763242e+24}, "canto1ja26uvw5me8kpsr8pkeuywj5ukkd9khdnx69rg": {"amount": 1e+21}, "canto1j7x452fq96gvjgy99m2zcmj5ucsvfc5rjxspvl": {"amount": 1.02e+20}, "canto1ny46u30xtlme9xrw8386zpkc3adyda5ymxl02p": {"amount": 1e+17},